{
  "btcRaised": 345.530587,
  "ethRaised": 27039.342606,
  "investors": 1235
}

