{
  "btcRaised": 5136.530587,
  "ethRaised": 78337.342606,
  "investors": 1235
}

